{
  "run_id":"pgm_v0_a",
  "data":{
    "timevar":"month_id",
    "groupvar":"pg_id"
  },
  "ts":[
    {
      "lag":1,
      "name":"tlag_1_ged_dummy_sb",
      "var":"ged_dummy_sb"
    },
    {
      "lag":2,
      "name":"tlag_2_ged_dummy_sb",
      "var":"ged_dummy_sb"
    },
    {
      "lag":3,
      "name":"tlag_3_ged_dummy_sb",
      "var":"ged_dummy_sb"
    },
    {
      "lag":4,
      "name":"tlag_4_ged_dummy_sb",
      "var":"ged_dummy_sb"
    },
    {
      "lag":5,
      "name":"tlag_5_ged_dummy_sb",
      "var":"ged_dummy_sb"
    },
    {
      "lag":6,
      "name":"tlag_6_ged_dummy_sb",
      "var":"ged_dummy_sb"
    },
    {
      "lag":7,
      "name":"tlag_7_ged_dummy_sb",
      "var":"ged_dummy_sb"
    },
    {
      "lag":8,
      "name":"tlag_8_ged_dummy_sb",
      "var":"ged_dummy_sb"
    },
    {
      "lag":9,
      "name":"tlag_9_ged_dummy_sb",
      "var":"ged_dummy_sb"
    },
    {
      "lag":10,
      "name":"tlag_10_ged_dummy_sb",
      "var":"ged_dummy_sb"
    },
    {
      "lag":11,
      "name":"tlag_11_ged_dummy_sb",
      "var":"ged_dummy_sb"
    },
    {
      "lag":12,
      "name":"tlag_12_ged_dummy_sb",
      "var":"ged_dummy_sb"
    },
    {
      "lag":1,
      "name":"tlag_1_ged_dummy_ns",
      "var":"ged_dummy_ns"
    },
    {
      "lag":2,
      "name":"tlag_2_ged_dummy_ns",
      "var":"ged_dummy_ns"
    },
    {
      "lag":3,
      "name":"tlag_3_ged_dummy_ns",
      "var":"ged_dummy_ns"
    },
    {
      "lag":4,
      "name":"tlag_4_ged_dummy_ns",
      "var":"ged_dummy_ns"
    },
    {
      "lag":5,
      "name":"tlag_5_ged_dummy_ns",
      "var":"ged_dummy_ns"
    },
    {
      "lag":6,
      "name":"tlag_6_ged_dummy_ns",
      "var":"ged_dummy_ns"
    },
    {
      "lag":7,
      "name":"tlag_7_ged_dummy_ns",
      "var":"ged_dummy_ns"
    },
    {
      "lag":8,
      "name":"tlag_8_ged_dummy_ns",
      "var":"ged_dummy_ns"
    },
    {
      "lag":9,
      "name":"tlag_9_ged_dummy_ns",
      "var":"ged_dummy_ns"
    },
    {
      "lag":10,
      "name":"tlag_10_ged_dummy_ns",
      "var":"ged_dummy_ns"
    },
    {
      "lag":11,
      "name":"tlag_11_ged_dummy_ns",
      "var":"ged_dummy_ns"
    },
    {
      "lag":12,
      "name":"tlag_12_ged_dummy_ns",
      "var":"ged_dummy_ns"
    },
    {
      "lag":1,
      "name":"tlag_1_ged_dummy_os",
      "var":"ged_dummy_os"
    },
    {
      "lag":2,
      "name":"tlag_2_ged_dummy_os",
      "var":"ged_dummy_os"
    },
    {
      "lag":3,
      "name":"tlag_3_ged_dummy_os",
      "var":"ged_dummy_os"
    },
    {
      "lag":4,
      "name":"tlag_4_ged_dummy_os",
      "var":"ged_dummy_os"
    },
    {
      "lag":5,
      "name":"tlag_5_ged_dummy_os",
      "var":"ged_dummy_os"
    },
    {
      "lag":6,
      "name":"tlag_6_ged_dummy_os",
      "var":"ged_dummy_os"
    },
    {
      "lag":7,
      "name":"tlag_7_ged_dummy_os",
      "var":"ged_dummy_os"
    },
    {
      "lag":8,
      "name":"tlag_8_ged_dummy_os",
      "var":"ged_dummy_os"
    },
    {
      "lag":9,
      "name":"tlag_9_ged_dummy_os",
      "var":"ged_dummy_os"
    },
    {
      "lag":10,
      "name":"tlag_10_ged_dummy_os",
      "var":"ged_dummy_os"
    },
    {
      "lag":11,
      "name":"tlag_11_ged_dummy_os",
      "var":"ged_dummy_os"
    },
    {
      "lag":12,
      "name":"tlag_12_ged_dummy_os",
      "var":"ged_dummy_os"
    },
    {
      "lag":1,
      "name":"tlag_1_greq_25_ged_best_sb",
      "var":"greq_25_ged_best_sb"
    },
    {
      "lag":2,
      "name":"tlag_2_greq_25_ged_best_sb",
      "var":"greq_25_ged_best_sb"
    },
    {
      "lag":3,
      "name":"tlag_3_greq_25_ged_best_sb",
      "var":"greq_25_ged_best_sb"
    },
    {
      "lag":4,
      "name":"tlag_4_greq_25_ged_best_sb",
      "var":"greq_25_ged_best_sb"
    },
    {
      "lag":5,
      "name":"tlag_5_greq_25_ged_best_sb",
      "var":"greq_25_ged_best_sb"
    },
    {
      "lag":6,
      "name":"tlag_6_greq_25_ged_best_sb",
      "var":"greq_25_ged_best_sb"
    },
    {
      "lag":7,
      "name":"tlag_7_greq_25_ged_best_sb",
      "var":"greq_25_ged_best_sb"
    },
    {
      "lag":8,
      "name":"tlag_8_greq_25_ged_best_sb",
      "var":"greq_25_ged_best_sb"
    },
    {
      "lag":9,
      "name":"tlag_9_greq_25_ged_best_sb",
      "var":"greq_25_ged_best_sb"
    },
    {
      "lag":10,
      "name":"tlag_10_greq_25_ged_best_sb",
      "var":"greq_25_ged_best_sb"
    },
    {
      "lag":11,
      "name":"tlag_11_greq_25_ged_best_sb",
      "var":"greq_25_ged_best_sb"
    },
    {
      "lag":12,
      "name":"tlag_12_greq_25_ged_best_sb",
      "var":"greq_25_ged_best_sb"
    },
    {
      "lag":1,
      "name":"tlag_1_greq_25_ged_best_ns",
      "var":"greq_25_ged_best_ns"
    },
    {
      "lag":2,
      "name":"tlag_2_greq_25_ged_best_ns",
      "var":"greq_25_ged_best_ns"
    },
    {
      "lag":3,
      "name":"tlag_3_greq_25_ged_best_ns",
      "var":"greq_25_ged_best_ns"
    },
    {
      "lag":4,
      "name":"tlag_4_greq_25_ged_best_ns",
      "var":"greq_25_ged_best_ns"
    },
    {
      "lag":5,
      "name":"tlag_5_greq_25_ged_best_ns",
      "var":"greq_25_ged_best_ns"
    },
    {
      "lag":6,
      "name":"tlag_6_greq_25_ged_best_ns",
      "var":"greq_25_ged_best_ns"
    },
    {
      "lag":7,
      "name":"tlag_7_greq_25_ged_best_ns",
      "var":"greq_25_ged_best_ns"
    },
    {
      "lag":8,
      "name":"tlag_8_greq_25_ged_best_ns",
      "var":"greq_25_ged_best_ns"
    },
    {
      "lag":9,
      "name":"tlag_9_greq_25_ged_best_ns",
      "var":"greq_25_ged_best_ns"
    },
    {
      "lag":10,
      "name":"tlag_10_greq_25_ged_best_ns",
      "var":"greq_25_ged_best_ns"
    },
    {
      "lag":11,
      "name":"tlag_11_greq_25_ged_best_ns",
      "var":"greq_25_ged_best_ns"
    },
    {
      "lag":12,
      "name":"tlag_12_greq_25_ged_best_ns",
      "var":"greq_25_ged_best_ns"
    },
    {
      "lag":1,
      "name":"tlag_1_greq_25_ged_best_os",
      "var":"greq_25_ged_best_os"
    },
    {
      "lag":2,
      "name":"tlag_2_greq_25_ged_best_os",
      "var":"greq_25_ged_best_os"
    },
    {
      "lag":3,
      "name":"tlag_3_greq_25_ged_best_os",
      "var":"greq_25_ged_best_os"
    },
    {
      "lag":4,
      "name":"tlag_4_greq_25_ged_best_os",
      "var":"greq_25_ged_best_os"
    },
    {
      "lag":5,
      "name":"tlag_5_greq_25_ged_best_os",
      "var":"greq_25_ged_best_os"
    },
    {
      "lag":6,
      "name":"tlag_6_greq_25_ged_best_os",
      "var":"greq_25_ged_best_os"
    },
    {
      "lag":7,
      "name":"tlag_7_greq_25_ged_best_os",
      "var":"greq_25_ged_best_os"
    },
    {
      "lag":8,
      "name":"tlag_8_greq_25_ged_best_os",
      "var":"greq_25_ged_best_os"
    },
    {
      "lag":9,
      "name":"tlag_9_greq_25_ged_best_os",
      "var":"greq_25_ged_best_os"
    },
    {
      "lag":10,
      "name":"tlag_10_greq_25_ged_best_os",
      "var":"greq_25_ged_best_os"
    },
    {
      "lag":11,
      "name":"tlag_11_greq_25_ged_best_os",
      "var":"greq_25_ged_best_os"
    },
    {
      "lag":12,
      "name":"tlag_12_greq_25_ged_best_os",
      "var":"greq_25_ged_best_os"
    },
    {
      "cw":"==0",
      "name":"time_since_ged_dummy_sb",
      "var":"ged_dummy_sb"
    },
    {
      "cw":"==0",
      "name":"time_since_ged_dummy_ns",
      "var":"ged_dummy_ns"
    },
    {
      "cw":"==0",
      "name":"time_since_ged_dummy_os",
      "var":"ged_dummy_os"
    },
    {
      "cw":"==0",
      "name":"time_since_greq_25_ged_best_sb",
      "var":"greq_25_ged_best_sb"
    },
    {
      "cw":"==0",
      "name":"time_since_greq_25_ged_best_ns",
      "var":"greq_25_ged_best_ns"
    },
    {
      "cw":"==0",
      "name":"time_since_greq_25_ged_best_os",
      "var":"greq_25_ged_best_os"
    }
  ],
  "spatial":[
    {
      "first": 1,
      "last": 1,
      "name": "splag_1_1_tlag_1_ged_dummy_sb",
      "srule": "q",
      "var": "tlag_1_ged_dummy_sb"
    },
    {
      "first": 1,
      "last": 1,
      "name": "splag_1_1_tlag_1_ged_dummy_ns",
      "srule": "q",
      "var": "tlag_1_ged_dummy_ns"
    },
    {
      "first": 1,
      "last": 1,
      "name": "splag_1_1_tlag_1_ged_dummy_os",
      "srule": "q",
      "var": "tlag_1_ged_dummy_os"
    },
    {
      "first": 1,
      "last": 1,
      "name": "splag_1_1_tlag_1_greq_25_ged_best_sb",
      "srule": "q",
      "var": "tlag_1_greq_25_ged_best_sb"
    },
    {
      "first": 1,
      "last": 1,
      "name": "splag_1_1_tlag_1_greq_25_ged_best_ns",
      "srule": "q",
      "var": "tlag_1_greq_25_ged_best_ns"
    },
    {
      "first": 1,
      "last": 1,
      "name": "splag_1_1_tlag_1_greq_25_ged_best_os",
      "srule": "q",
      "var": "tlag_1_greq_25_ged_best_os"
    }
  ],
  "transforms":[
    {
      "f":"decay",
      "halflife":24,
      "name":"decay_24_time_since_ged_dummy_sb",
      "var":"time_since_ged_dummy_sb"
    },
    {
      "f":"decay",
      "halflife":24,
      "name":"decay_24_time_since_ged_dummy_ns",
      "var":"time_since_ged_dummy_ns"
    },
    {
      "f":"decay",
      "halflife":24,
      "name":"decay_24_time_since_ged_dummy_os",
      "var":"time_since_ged_dummy_os"
    },
    {
      "f":"decay",
      "halflife":24,
      "name":"decay_24_time_since_greq_25_ged_best_sb",
      "var":"time_since_greq_25_ged_best_sb"
    },
    {
      "f":"decay",
      "halflife":24,
      "name":"decay_24_time_since_greq_25_ged_best_ns",
      "var":"time_since_greq_25_ged_best_ns"
    },
    {
      "f":"decay",
      "halflife":24,
      "name":"decay_24_time_since_greq_25_ged_best_os",
      "var":"time_since_greq_25_ged_best_os"
    }
  ],
  "models":[
    {
      "formula":"ged_dummy_sb ~ tlag_1_ged_dummy_sb + tlag_2_ged_dummy_sb + tlag_3_ged_dummy_sb + tlag_4_ged_dummy_sb + tlag_5_ged_dummy_sb + tlag_6_ged_dummy_sb + tlag_7_ged_dummy_sb + tlag_8_ged_dummy_sb + tlag_9_ged_dummy_sb + tlag_10_ged_dummy_sb + tlag_11_ged_dummy_sb + tlag_12_ged_dummy_sb + tlag_1_ged_dummy_ns + tlag_1_ged_dummy_os + tlag_1_greq_25_ged_best_sb + tlag_1_greq_25_ged_best_ns + tlag_1_greq_25_ged_best_os +  decay_24_time_since_ged_dummy_sb + decay_24_time_since_ged_dummy_ns + decay_24_time_since_ged_dummy_os + decay_24_time_since_greq_25_ged_best_sb + decay_24_time_since_greq_25_ged_best_ns + decay_24_time_since_greq_25_ged_best_os + splag_1_1_tlag_1_ged_dummy_sb + splag_1_1_tlag_1_ged_dummy_ns + splag_1_1_tlag_1_ged_dummy_os + splag_1_1_tlag_1_greq_25_ged_best_sb + splag_1_1_tlag_1_greq_25_ged_best_ns + splag_1_1_tlag_1_greq_25_ged_best_os + dummy_pgd_excluded + ln_pgd_pop_gpw_sum + ln_pgd_bdist3 + ln_pgd_ttime_mean + ln_dist_pgd_diamsec + ln_dist_pgd_petroleum + ln_pgd_capdist + pgd_imr_mean + pgd_gcp_mer + pgd_imr_mean + pgd_agri_ih + pgd_barren_ih + pgd_forest_ih + pgd_mountains_mean + pgd_savanna_ih + pgd_shrub_ih + pgd_pasture_ih + pgd_urban_ih",
      "modtype":"SMLogit",
      "name":"pgm_sb_dummy"
    },
    {
      "formula":"ged_dummy_ns ~ tlag_1_ged_dummy_ns + tlag_2_ged_dummy_ns + tlag_3_ged_dummy_ns + tlag_4_ged_dummy_ns + tlag_5_ged_dummy_ns + tlag_6_ged_dummy_ns + tlag_7_ged_dummy_ns + tlag_8_ged_dummy_ns + tlag_9_ged_dummy_ns + tlag_10_ged_dummy_ns + tlag_11_ged_dummy_ns + tlag_12_ged_dummy_ns + tlag_1_ged_dummy_sb + tlag_1_ged_dummy_os + tlag_1_greq_25_ged_best_sb + tlag_1_greq_25_ged_best_ns + tlag_1_greq_25_ged_best_os + decay_24_time_since_ged_dummy_sb + decay_24_time_since_ged_dummy_ns + decay_24_time_since_ged_dummy_os + decay_24_time_since_greq_25_ged_best_sb + decay_24_time_since_greq_25_ged_best_ns + decay_24_time_since_greq_25_ged_best_os + splag_1_1_tlag_1_ged_dummy_sb + splag_1_1_tlag_1_ged_dummy_ns + splag_1_1_tlag_1_ged_dummy_os + splag_1_1_tlag_1_greq_25_ged_best_sb + splag_1_1_tlag_1_greq_25_ged_best_ns + splag_1_1_tlag_1_greq_25_ged_best_os + dummy_pgd_excluded + ln_pgd_pop_gpw_sum + ln_pgd_bdist3 + ln_pgd_ttime_mean + ln_dist_pgd_diamsec + ln_dist_pgd_petroleum + ln_pgd_capdist + pgd_imr_mean + pgd_gcp_mer + pgd_imr_mean + pgd_agri_ih + pgd_barren_ih + pgd_forest_ih + pgd_mountains_mean + pgd_savanna_ih + pgd_shrub_ih + pgd_pasture_ih + pgd_urban_ih",
      "modtype":"SMLogit",
      "name":"pgm_ns_dummy"
    },
    {
      "formula":"ged_dummy_os ~ tlag_1_ged_dummy_os + tlag_2_ged_dummy_os + tlag_3_ged_dummy_os + tlag_4_ged_dummy_os + tlag_5_ged_dummy_os + tlag_6_ged_dummy_os + tlag_7_ged_dummy_os + tlag_8_ged_dummy_os + tlag_9_ged_dummy_os + tlag_10_ged_dummy_os + tlag_11_ged_dummy_os + tlag_12_ged_dummy_os + tlag_1_ged_dummy_sb + tlag_1_ged_dummy_ns + tlag_1_greq_25_ged_best_sb + tlag_1_greq_25_ged_best_ns + tlag_1_greq_25_ged_best_os + decay_24_time_since_ged_dummy_sb + decay_24_time_since_ged_dummy_ns + decay_24_time_since_ged_dummy_os + decay_24_time_since_greq_25_ged_best_sb + decay_24_time_since_greq_25_ged_best_ns + decay_24_time_since_greq_25_ged_best_os + splag_1_1_tlag_1_ged_dummy_sb + splag_1_1_tlag_1_ged_dummy_ns + splag_1_1_tlag_1_ged_dummy_os + splag_1_1_tlag_1_greq_25_ged_best_sb + splag_1_1_tlag_1_greq_25_ged_best_ns + splag_1_1_tlag_1_greq_25_ged_best_os + dummy_pgd_excluded + ln_pgd_pop_gpw_sum + ln_pgd_bdist3 + ln_pgd_ttime_mean + ln_dist_pgd_diamsec + ln_dist_pgd_petroleum + ln_pgd_capdist + pgd_imr_mean + pgd_gcp_mer + pgd_imr_mean + pgd_agri_ih + pgd_barren_ih + pgd_forest_ih + pgd_mountains_mean + pgd_savanna_ih + pgd_shrub_ih + pgd_pasture_ih + pgd_urban_ih",
      "modtype":"SMLogit",
      "name":"pgm_os_dummy"
    },
    {
      "formula":"greq_25_ged_best_sb ~ tlag_1_greq_25_ged_best_sb + tlag_1_greq_25_ged_best_ns + tlag_1_greq_25_ged_best_os + tlag_2_greq_25_ged_best_sb + tlag_3_greq_25_ged_best_sb + tlag_4_greq_25_ged_best_sb + tlag_5_greq_25_ged_best_sb + tlag_6_greq_25_ged_best_sb + tlag_1_ged_dummy_sb + tlag_1_ged_dummy_ns + tlag_1_ged_dummy_os + decay_24_time_since_ged_dummy_sb + decay_24_time_since_ged_dummy_ns + decay_24_time_since_ged_dummy_os + decay_24_time_since_greq_25_ged_best_sb + decay_24_time_since_greq_25_ged_best_ns + decay_24_time_since_greq_25_ged_best_os + splag_1_1_tlag_1_ged_dummy_sb + splag_1_1_tlag_1_ged_dummy_ns + splag_1_1_tlag_1_ged_dummy_os + splag_1_1_tlag_1_greq_25_ged_best_sb + splag_1_1_tlag_1_greq_25_ged_best_ns + splag_1_1_tlag_1_greq_25_ged_best_os + dummy_pgd_excluded + ln_pgd_pop_gpw_sum + ln_pgd_bdist3 + ln_pgd_ttime_mean + ln_dist_pgd_diamsec + ln_dist_pgd_petroleum + ln_pgd_capdist + pgd_imr_mean + pgd_gcp_mer + pgd_imr_mean + pgd_agri_ih + pgd_barren_ih + pgd_forest_ih + pgd_mountains_mean + pgd_savanna_ih + pgd_shrub_ih + pgd_pasture_ih + pgd_urban_ih",
      "modtype":"SMLogit",
      "name":"pgm_sb_25deaths"
    },
    {
      "formula":"greq_25_ged_best_ns ~ tlag_1_greq_25_ged_best_sb + tlag_1_greq_25_ged_best_ns + tlag_1_greq_25_ged_best_os + tlag_2_greq_25_ged_best_ns + tlag_3_greq_25_ged_best_ns + tlag_4_greq_25_ged_best_ns + tlag_5_greq_25_ged_best_ns + tlag_6_greq_25_ged_best_ns + tlag_1_ged_dummy_sb + tlag_1_ged_dummy_ns + tlag_1_ged_dummy_os  + decay_24_time_since_ged_dummy_sb + decay_24_time_since_ged_dummy_ns + decay_24_time_since_ged_dummy_os + decay_24_time_since_greq_25_ged_best_sb + decay_24_time_since_greq_25_ged_best_ns + decay_24_time_since_greq_25_ged_best_os + splag_1_1_tlag_1_ged_dummy_sb + splag_1_1_tlag_1_ged_dummy_ns + splag_1_1_tlag_1_ged_dummy_os + splag_1_1_tlag_1_greq_25_ged_best_sb + splag_1_1_tlag_1_greq_25_ged_best_ns + splag_1_1_tlag_1_greq_25_ged_best_os + dummy_pgd_excluded + ln_pgd_pop_gpw_sum + ln_pgd_bdist3 + ln_pgd_ttime_mean + ln_dist_pgd_diamsec + ln_dist_pgd_petroleum + ln_pgd_capdist + pgd_imr_mean + pgd_gcp_mer + pgd_imr_mean + pgd_agri_ih + pgd_barren_ih + pgd_forest_ih + pgd_mountains_mean + pgd_savanna_ih + pgd_shrub_ih + pgd_pasture_ih + pgd_urban_ih",
      "modtype":"SMLogit",
      "name":"pgm_ns_25deaths"
    },
    {
      "formula":"greq_25_ged_best_os ~ tlag_1_greq_25_ged_best_sb + tlag_1_greq_25_ged_best_ns + tlag_1_greq_25_ged_best_os + tlag_2_greq_25_ged_best_os + tlag_3_greq_25_ged_best_os + tlag_4_greq_25_ged_best_os + tlag_5_greq_25_ged_best_os + tlag_6_greq_25_ged_best_os + tlag_1_ged_dummy_sb + tlag_1_ged_dummy_ns + tlag_1_ged_dummy_os + decay_24_time_since_ged_dummy_sb + decay_24_time_since_ged_dummy_ns + decay_24_time_since_ged_dummy_os + decay_24_time_since_greq_25_ged_best_sb + decay_24_time_since_greq_25_ged_best_ns + decay_24_time_since_greq_25_ged_best_os + splag_1_1_tlag_1_ged_dummy_sb + splag_1_1_tlag_1_ged_dummy_ns + splag_1_1_tlag_1_ged_dummy_os + splag_1_1_tlag_1_greq_25_ged_best_sb + splag_1_1_tlag_1_greq_25_ged_best_ns + splag_1_1_tlag_1_greq_25_ged_best_os + dummy_pgd_excluded + ln_pgd_pop_gpw_sum + ln_pgd_bdist3 + ln_pgd_ttime_mean + ln_dist_pgd_diamsec + ln_dist_pgd_petroleum + ln_pgd_capdist + pgd_imr_mean + pgd_gcp_mer + pgd_imr_mean + pgd_agri_ih + pgd_barren_ih + pgd_forest_ih + pgd_mountains_mean + pgd_savanna_ih + pgd_shrub_ih + pgd_pasture_ih + pgd_urban_ih",
      "modtype":"SMLogit",
      "name":"pgm_os_25deaths"
    }
  ],
  "times":{
    "train_start":121,
    "train_end":432,
    "sim_start":397,
    "sim_end":432,
    "full_start":121,
    "full_end":432
  },
  "nsim":100,
  "stats":[
    {
      "stat":"mean"
    }
  ]
}