{
  "run_id":"r_2020_02_02_ds_cm_c",
  "data":{
    "timevar":"month_id",
    "groupvar":"country_id"
  },
  "ts":[
    {
      "lag":1,
      "name": "tlag_1_greq_500_ged_best_any",
      "var": "greq_500_ged_best_any"
    },
    {
      "lag":1,
      "name":"tlag_1_ged_dummy_sb",
      "var":"ged_dummy_sb"
    },
    {
      "lag":2,
      "name":"tlag_2_ged_dummy_sb",
      "var":"ged_dummy_sb"
    },
    {
      "lag":3,
      "name":"tlag_3_ged_dummy_sb",
      "var":"ged_dummy_sb"
    },
    {
      "lag":4,
      "name":"tlag_4_ged_dummy_sb",
      "var":"ged_dummy_sb"
    },
    {
      "lag":5,
      "name":"tlag_5_ged_dummy_sb",
      "var":"ged_dummy_sb"
    },
    {
      "lag":6,
      "name":"tlag_6_ged_dummy_sb",
      "var":"ged_dummy_sb"
    },
    {
      "lag":7,
      "name":"tlag_7_ged_dummy_sb",
      "var":"ged_dummy_sb"
    },
    {
      "lag":8,
      "name":"tlag_8_ged_dummy_sb",
      "var":"ged_dummy_sb"
    },
    {
      "lag":9,
      "name":"tlag_9_ged_dummy_sb",
      "var":"ged_dummy_sb"
    },
    {
      "lag":10,
      "name":"tlag_10_ged_dummy_sb",
      "var":"ged_dummy_sb"
    },
    {
      "lag":11,
      "name":"tlag_11_ged_dummy_sb",
      "var":"ged_dummy_sb"
    },
    {
      "lag":12,
      "name":"tlag_12_ged_dummy_sb",
      "var":"ged_dummy_sb"
    },
    {
      "lag":1,
      "name":"tlag_1_ged_dummy_ns",
      "var":"ged_dummy_ns"
    },
    {
      "lag":2,
      "name":"tlag_2_ged_dummy_ns",
      "var":"ged_dummy_ns"
    },
    {
      "lag":3,
      "name":"tlag_3_ged_dummy_ns",
      "var":"ged_dummy_ns"
    },
    {
      "lag":4,
      "name":"tlag_4_ged_dummy_ns",
      "var":"ged_dummy_ns"
    },
    {
      "lag":5,
      "name":"tlag_5_ged_dummy_ns",
      "var":"ged_dummy_ns"
    },
    {
      "lag":6,
      "name":"tlag_6_ged_dummy_ns",
      "var":"ged_dummy_ns"
    },
    {
      "lag":7,
      "name":"tlag_7_ged_dummy_ns",
      "var":"ged_dummy_ns"
    },
    {
      "lag":8,
      "name":"tlag_8_ged_dummy_ns",
      "var":"ged_dummy_ns"
    },
    {
      "lag":9,
      "name":"tlag_9_ged_dummy_ns",
      "var":"ged_dummy_ns"
    },
    {
      "lag":10,
      "name":"tlag_10_ged_dummy_ns",
      "var":"ged_dummy_ns"
    },
    {
      "lag":11,
      "name":"tlag_11_ged_dummy_ns",
      "var":"ged_dummy_ns"
    },
    {
      "lag":12,
      "name":"tlag_12_ged_dummy_ns",
      "var":"ged_dummy_ns"
    },
    {
      "lag":1,
      "name":"tlag_1_ged_dummy_os",
      "var":"ged_dummy_os"
    },
    {
      "lag":2,
      "name":"tlag_2_ged_dummy_os",
      "var":"ged_dummy_os"
    },
    {
      "lag":3,
      "name":"tlag_3_ged_dummy_os",
      "var":"ged_dummy_os"
    },
    {
      "lag":4,
      "name":"tlag_4_ged_dummy_os",
      "var":"ged_dummy_os"
    },
    {
      "lag":5,
      "name":"tlag_5_ged_dummy_os",
      "var":"ged_dummy_os"
    },
    {
      "lag":6,
      "name":"tlag_6_ged_dummy_os",
      "var":"ged_dummy_os"
    },
    {
      "lag":7,
      "name":"tlag_7_ged_dummy_os",
      "var":"ged_dummy_os"
    },
    {
      "lag":8,
      "name":"tlag_8_ged_dummy_os",
      "var":"ged_dummy_os"
    },
    {
      "lag":9,
      "name":"tlag_9_ged_dummy_os",
      "var":"ged_dummy_os"
    },
    {
      "lag":10,
      "name":"tlag_10_ged_dummy_os",
      "var":"ged_dummy_os"
    },
    {
      "lag":11,
      "name":"tlag_11_ged_dummy_os",
      "var":"ged_dummy_os"
    },
    {
      "lag":12,
      "name":"tlag_12_ged_dummy_os",
      "var":"ged_dummy_os"
    },
    {
      "lag":1,
      "name":"tlag_1_greq_25_ged_best_sb",
      "var":"greq_25_ged_best_sb"
    },
    {
      "lag":2,
      "name":"tlag_2_greq_25_ged_best_sb",
      "var":"greq_25_ged_best_sb"
    },
    {
      "lag":3,
      "name":"tlag_3_greq_25_ged_best_sb",
      "var":"greq_25_ged_best_sb"
    },
    {
      "lag":4,
      "name":"tlag_4_greq_25_ged_best_sb",
      "var":"greq_25_ged_best_sb"
    },
    {
      "lag":5,
      "name":"tlag_5_greq_25_ged_best_sb",
      "var":"greq_25_ged_best_sb"
    },
    {
      "lag":6,
      "name":"tlag_6_greq_25_ged_best_sb",
      "var":"greq_25_ged_best_sb"
    },
    {
      "lag":7,
      "name":"tlag_7_greq_25_ged_best_sb",
      "var":"greq_25_ged_best_sb"
    },
    {
      "lag":8,
      "name":"tlag_8_greq_25_ged_best_sb",
      "var":"greq_25_ged_best_sb"
    },
    {
      "lag":9,
      "name":"tlag_9_greq_25_ged_best_sb",
      "var":"greq_25_ged_best_sb"
    },
    {
      "lag":10,
      "name":"tlag_10_greq_25_ged_best_sb",
      "var":"greq_25_ged_best_sb"
    },
    {
      "lag":11,
      "name":"tlag_11_greq_25_ged_best_sb",
      "var":"greq_25_ged_best_sb"
    },
    {
      "lag":12,
      "name":"tlag_12_greq_25_ged_best_sb",
      "var":"greq_25_ged_best_sb"
    },
    {
      "lag":1,
      "name":"tlag_1_greq_25_ged_best_ns",
      "var":"greq_25_ged_best_ns"
    },
    {
      "lag":2,
      "name":"tlag_2_greq_25_ged_best_ns",
      "var":"greq_25_ged_best_ns"
    },
    {
      "lag":3,
      "name":"tlag_3_greq_25_ged_best_ns",
      "var":"greq_25_ged_best_ns"
    },
    {
      "lag":4,
      "name":"tlag_4_greq_25_ged_best_ns",
      "var":"greq_25_ged_best_ns"
    },
    {
      "lag":5,
      "name":"tlag_5_greq_25_ged_best_ns",
      "var":"greq_25_ged_best_ns"
    },
    {
      "lag":6,
      "name":"tlag_6_greq_25_ged_best_ns",
      "var":"greq_25_ged_best_ns"
    },
    {
      "lag":7,
      "name":"tlag_7_greq_25_ged_best_ns",
      "var":"greq_25_ged_best_ns"
    },
    {
      "lag":8,
      "name":"tlag_8_greq_25_ged_best_ns",
      "var":"greq_25_ged_best_ns"
    },
    {
      "lag":9,
      "name":"tlag_9_greq_25_ged_best_ns",
      "var":"greq_25_ged_best_ns"
    },
    {
      "lag":10,
      "name":"tlag_10_greq_25_ged_best_ns",
      "var":"greq_25_ged_best_ns"
    },
    {
      "lag":11,
      "name":"tlag_11_greq_25_ged_best_ns",
      "var":"greq_25_ged_best_ns"
    },
    {
      "lag":12,
      "name":"tlag_12_greq_25_ged_best_ns",
      "var":"greq_25_ged_best_ns"
    },
    {
      "lag":1,
      "name":"tlag_1_greq_25_ged_best_os",
      "var":"greq_25_ged_best_os"
    },
    {
      "lag":2,
      "name":"tlag_2_greq_25_ged_best_os",
      "var":"greq_25_ged_best_os"
    },
    {
      "lag":3,
      "name":"tlag_3_greq_25_ged_best_os",
      "var":"greq_25_ged_best_os"
    },
    {
      "lag":4,
      "name":"tlag_4_greq_25_ged_best_os",
      "var":"greq_25_ged_best_os"
    },
    {
      "lag":5,
      "name":"tlag_5_greq_25_ged_best_os",
      "var":"greq_25_ged_best_os"
    },
    {
      "lag":6,
      "name":"tlag_6_greq_25_ged_best_os",
      "var":"greq_25_ged_best_os"
    },
    {
      "lag":7,
      "name":"tlag_7_greq_25_ged_best_os",
      "var":"greq_25_ged_best_os"
    },
    {
      "lag":8,
      "name":"tlag_8_greq_25_ged_best_os",
      "var":"greq_25_ged_best_os"
    },
    {
      "lag":9,
      "name":"tlag_9_greq_25_ged_best_os",
      "var":"greq_25_ged_best_os"
    },
    {
      "lag":10,
      "name":"tlag_10_greq_25_ged_best_os",
      "var":"greq_25_ged_best_os"
    },
    {
      "lag":11,
      "name":"tlag_11_greq_25_ged_best_os",
      "var":"greq_25_ged_best_os"
    },
    {
      "lag":12,
      "name":"tlag_12_greq_25_ged_best_os",
      "var":"greq_25_ged_best_os"
    },
    {
      "cw":"==0",
      "name":"time_since_ged_dummy_sb",
      "var":"ged_dummy_sb"
    },
    {
      "cw":"==0",
      "name":"time_since_ged_dummy_ns",
      "var":"ged_dummy_ns"
    },
    {
      "cw":"==0",
      "name":"time_since_ged_dummy_os",
      "var":"ged_dummy_os"
    },
    {
      "cw":"==0",
      "name":"time_since_greq_25_ged_best_sb",
      "var":"greq_25_ged_best_sb"
    },
    {
      "cw":"==0",
      "name":"time_since_greq_25_ged_best_ns",
      "var":"greq_25_ged_best_ns"
    },
    {
      "cw":"==0",
      "name":"time_since_greq_25_ged_best_os",
      "var":"greq_25_ged_best_os"
    },
    {
      "cw":"==0",
      "name":"time_since_greq_500_ged_best_any",
      "var":"greq_500_ged_best_any"
    }

  ],
  "spatial":[

  ],
  "transforms":[
    {
      "f":"log_natural",
      "name":"ln_fvp_population200",
      "var":"fvp_population200"
    },
    {
      "f":"log_natural",
      "name":"ln_fvp_timesinceregimechange",
      "var":"fvp_timesinceregimechange"
    },
    {
      "f":"decay",
      "halflife":24,
      "name":"decay_24_time_since_ged_dummy_sb",
      "var":"time_since_ged_dummy_sb"
    },
    {
      "f":"decay",
      "halflife":24,
      "name":"decay_24_time_since_ged_dummy_ns",
      "var":"time_since_ged_dummy_ns"
    },
    {
      "f":"decay",
      "halflife":24,
      "name":"decay_24_time_since_ged_dummy_os",
      "var":"time_since_ged_dummy_os"
    },
    {
      "f":"decay",
      "halflife":24,
      "name":"decay_24_time_since_greq_25_ged_best_sb",
      "var":"time_since_greq_25_ged_best_sb"
    },
    {
      "f":"decay",
      "halflife":24,
      "name":"decay_24_time_since_greq_25_ged_best_ns",
      "var":"time_since_greq_25_ged_best_ns"
    },
    {
      "f":"decay",
      "halflife":24,
      "name":"decay_24_time_since_greq_25_ged_best_os",
      "var":"time_since_greq_25_ged_best_os"
    },
    {
      "f":"decay",
      "halflife":24,
      "name":"decay_24_time_since_greq_500_ged_best_any",
      "var":"time_since_greq_500_ged_best_any"
    }

  ],
  "models":[
    {
      "formula":"ged_dummy_sb ~ tlag_1_ged_dummy_sb + tlag_2_ged_dummy_sb + tlag_3_ged_dummy_sb + tlag_4_ged_dummy_sb + tlag_5_ged_dummy_sb + tlag_6_ged_dummy_sb + tlag_7_ged_dummy_sb + tlag_8_ged_dummy_sb + tlag_9_ged_dummy_sb + tlag_10_ged_dummy_sb + tlag_11_ged_dummy_sb + tlag_12_ged_dummy_sb + tlag_1_ged_dummy_ns + tlag_1_ged_dummy_os + tlag_1_greq_25_ged_best_sb + tlag_1_greq_25_ged_best_ns + tlag_1_greq_25_ged_best_os +  decay_24_time_since_ged_dummy_sb + decay_24_time_since_ged_dummy_ns + decay_24_time_since_ged_dummy_os + decay_24_time_since_greq_25_ged_best_sb + decay_24_time_since_greq_25_ged_best_ns + decay_24_time_since_greq_25_ged_best_os + fvp_ssp2_edu_sec_15_24_prop + fvp_ssp2_urban_share_iiasa + fvp_lngdpcap_nonoilrent + fvp_lngdpcap_oilrent + fvp_grgdpcap_oilrent + fvp_grgdpcap_nonoilrent + fvp_fvp_demo + fvp_fvp_semi + fvp_prop_excluded + ln_fvp_timesinceregimechange + ln_fvp_population200 + tlag_1_greq_500_ged_best_any + decay_24_time_since_greq_500_ged_best_any",
      "modtype":"SMLogit",
      "name":"cm_sb_dummy"
    },
    {
      "formula":"ged_dummy_ns ~ tlag_1_ged_dummy_ns + tlag_2_ged_dummy_ns + tlag_3_ged_dummy_ns + tlag_4_ged_dummy_ns + tlag_5_ged_dummy_ns + tlag_6_ged_dummy_ns + tlag_7_ged_dummy_ns + tlag_8_ged_dummy_ns + tlag_9_ged_dummy_ns + tlag_10_ged_dummy_ns + tlag_11_ged_dummy_ns + tlag_12_ged_dummy_ns + tlag_1_ged_dummy_sb + tlag_1_ged_dummy_os + tlag_1_greq_25_ged_best_sb + tlag_1_greq_25_ged_best_ns + tlag_1_greq_25_ged_best_os + decay_24_time_since_ged_dummy_sb + decay_24_time_since_ged_dummy_ns + decay_24_time_since_ged_dummy_os + decay_24_time_since_greq_25_ged_best_sb + decay_24_time_since_greq_25_ged_best_ns + decay_24_time_since_greq_25_ged_best_os + fvp_ssp2_edu_sec_15_24_prop + fvp_ssp2_urban_share_iiasa + fvp_lngdpcap_nonoilrent + fvp_lngdpcap_oilrent + fvp_grgdpcap_oilrent + fvp_grgdpcap_nonoilrent + fvp_fvp_demo + fvp_fvp_semi + fvp_prop_excluded + ln_fvp_timesinceregimechange + ln_fvp_population200 + tlag_1_greq_500_ged_best_any + decay_24_time_since_greq_500_ged_best_any",
      "modtype":"SMLogit",
      "name":"cm_ns_dummy"
    },
    {
      "formula":"ged_dummy_os ~ tlag_1_ged_dummy_os + tlag_2_ged_dummy_os + tlag_3_ged_dummy_os + tlag_4_ged_dummy_os + tlag_5_ged_dummy_os + tlag_6_ged_dummy_os + tlag_7_ged_dummy_os + tlag_8_ged_dummy_os + tlag_9_ged_dummy_os + tlag_10_ged_dummy_os + tlag_11_ged_dummy_os + tlag_12_ged_dummy_os + tlag_1_ged_dummy_sb + tlag_1_ged_dummy_ns + tlag_1_greq_25_ged_best_sb + tlag_1_greq_25_ged_best_ns + tlag_1_greq_25_ged_best_os + decay_24_time_since_ged_dummy_sb + decay_24_time_since_ged_dummy_ns + decay_24_time_since_ged_dummy_os + decay_24_time_since_greq_25_ged_best_sb + decay_24_time_since_greq_25_ged_best_ns + decay_24_time_since_greq_25_ged_best_os + fvp_ssp2_edu_sec_15_24_prop + fvp_ssp2_urban_share_iiasa + fvp_lngdpcap_nonoilrent + fvp_lngdpcap_oilrent + fvp_grgdpcap_oilrent + fvp_grgdpcap_nonoilrent + fvp_fvp_demo + fvp_fvp_semi + fvp_prop_excluded + ln_fvp_timesinceregimechange + ln_fvp_population200 + tlag_1_greq_500_ged_best_any + decay_24_time_since_greq_500_ged_best_any",
      "modtype":"SMLogit",
      "name":"cm_os_dummy"
    },
    {
      "formula":"greq_25_ged_best_sb ~ tlag_1_greq_25_ged_best_sb + tlag_1_greq_25_ged_best_ns + tlag_1_greq_25_ged_best_os + tlag_2_greq_25_ged_best_sb + tlag_3_greq_25_ged_best_sb + tlag_4_greq_25_ged_best_sb + tlag_5_greq_25_ged_best_sb + tlag_6_greq_25_ged_best_sb + tlag_1_ged_dummy_sb + tlag_1_ged_dummy_ns + tlag_1_ged_dummy_os + decay_24_time_since_ged_dummy_sb + decay_24_time_since_ged_dummy_ns + decay_24_time_since_ged_dummy_os + decay_24_time_since_greq_25_ged_best_sb + decay_24_time_since_greq_25_ged_best_ns + decay_24_time_since_greq_25_ged_best_os + fvp_ssp2_edu_sec_15_24_prop + fvp_ssp2_urban_share_iiasa + fvp_lngdpcap_nonoilrent + fvp_lngdpcap_oilrent + fvp_grgdpcap_oilrent + fvp_grgdpcap_nonoilrent + fvp_fvp_demo + fvp_fvp_semi + fvp_prop_excluded + ln_fvp_timesinceregimechange + ln_fvp_population200 + tlag_1_greq_500_ged_best_any + decay_24_time_since_greq_500_ged_best_any",
      "modtype":"SMLogit",
      "name":"cm_sb_25deaths"
    },
    {
      "formula":"greq_25_ged_best_ns ~ tlag_1_greq_25_ged_best_sb + tlag_1_greq_25_ged_best_ns + tlag_1_greq_25_ged_best_os + tlag_2_greq_25_ged_best_ns + tlag_3_greq_25_ged_best_ns + tlag_4_greq_25_ged_best_ns + tlag_5_greq_25_ged_best_ns + tlag_6_greq_25_ged_best_ns + tlag_1_ged_dummy_sb + tlag_1_ged_dummy_ns + tlag_1_ged_dummy_os  + decay_24_time_since_ged_dummy_sb + decay_24_time_since_ged_dummy_ns + decay_24_time_since_ged_dummy_os + decay_24_time_since_greq_25_ged_best_sb + decay_24_time_since_greq_25_ged_best_ns + decay_24_time_since_greq_25_ged_best_os + fvp_ssp2_edu_sec_15_24_prop + fvp_ssp2_urban_share_iiasa + fvp_lngdpcap_nonoilrent + fvp_lngdpcap_oilrent + fvp_grgdpcap_oilrent + fvp_grgdpcap_nonoilrent + fvp_fvp_demo + fvp_fvp_semi + fvp_prop_excluded + ln_fvp_timesinceregimechange + ln_fvp_population200 + tlag_1_greq_500_ged_best_any + decay_24_time_since_greq_500_ged_best_any",
      "modtype":"SMLogit",
      "name":"cm_ns_25deaths"
    },
    {
      "formula":"greq_25_ged_best_os ~ tlag_1_greq_25_ged_best_sb + tlag_1_greq_25_ged_best_ns + tlag_1_greq_25_ged_best_os + tlag_2_greq_25_ged_best_os + tlag_3_greq_25_ged_best_os + tlag_4_greq_25_ged_best_os + tlag_5_greq_25_ged_best_os + tlag_6_greq_25_ged_best_os + tlag_1_ged_dummy_sb + tlag_1_ged_dummy_ns + tlag_1_ged_dummy_os + decay_24_time_since_ged_dummy_sb + decay_24_time_since_ged_dummy_ns + decay_24_time_since_ged_dummy_os + decay_24_time_since_greq_25_ged_best_sb + decay_24_time_since_greq_25_ged_best_ns + decay_24_time_since_greq_25_ged_best_os + fvp_ssp2_edu_sec_15_24_prop + fvp_ssp2_urban_share_iiasa + fvp_lngdpcap_nonoilrent + fvp_lngdpcap_oilrent + fvp_grgdpcap_oilrent + fvp_grgdpcap_nonoilrent + fvp_fvp_demo + fvp_fvp_semi + fvp_prop_excluded + ln_fvp_timesinceregimechange + ln_fvp_population200 + tlag_1_greq_500_ged_best_any + decay_24_time_since_greq_500_ged_best_any",
      "modtype":"SMLogit",
      "name":"cm_os_25deaths"
    },
    {
      "formula":"greq_500_ged_best_any ~ tlag_1_greq_25_ged_best_sb + tlag_1_greq_25_ged_best_ns + tlag_1_greq_25_ged_best_os + tlag_1_ged_dummy_sb + tlag_1_ged_dummy_ns + tlag_1_ged_dummy_os + tlag_2_ged_dummy_sb + tlag_2_ged_dummy_ns + tlag_2_ged_dummy_os + tlag_3_ged_dummy_sb + tlag_3_ged_dummy_ns + tlag_3_ged_dummy_os + decay_24_time_since_ged_dummy_sb + decay_24_time_since_ged_dummy_ns + decay_24_time_since_ged_dummy_os + decay_24_time_since_greq_25_ged_best_sb + decay_24_time_since_greq_25_ged_best_ns + decay_24_time_since_greq_25_ged_best_os + fvp_ssp2_edu_sec_15_24_prop + fvp_ssp2_urban_share_iiasa + fvp_lngdpcap_nonoilrent + fvp_lngdpcap_oilrent + fvp_grgdpcap_oilrent + fvp_grgdpcap_nonoilrent + fvp_fvp_demo + fvp_fvp_semi + fvp_prop_excluded + ln_fvp_timesinceregimechange + ln_fvp_population200 + tlag_1_greq_500_ged_best_any + decay_24_time_since_greq_500_ged_best_any",
      "modtype":"SMLogit",
      "name":"cm_any_500deaths"
    }
  ],
  "times":{
    "train_start":121,
    "train_end":475,
    "sim_start":481,
    "sim_end":518,
    "full_start":121,
    "full_end":518
  },
  "nsim":1000,
  "stats":[
    {
      "stat":"mean"
    }
  ]
}